Subject,Class,Movement,eeg_node,esg_node,emg_node,eeg_label,esg_label,emg_label,imp_eeg_esg,imp_esg_emg,chain_score,EEG_name,ESG_name,EMG_name,ESG_match,EMG_match
NIS001,0,Left Knee Flexion,27,0,2,EEG27,ESG0,EMG2,0.0024075924884527,0.0089500555768609,2.1548086578085336e-05,T8,T10T11-L,L-RF,no,YES
NIS001,0,Left Knee Flexion,25,3,2,EEG25,ESG3,EMG2,0.0023757722228765,0.0081312609836459,1.931802398190581e-05,T7,L1L2-L,L-RF,YES,YES
NIS001,0,Left Knee Flexion,27,3,2,EEG27,ESG3,EMG2,0.0021873342338949,0.0081312609836459,1.778578551426299e-05,T8,L1L2-L,L-RF,YES,YES
NIS001,0,Left Knee Flexion,25,6,2,EEG25,ESG6,EMG2,0.0022279708646237,0.0076253991574049,1.6989167153824876e-05,T7,T11T12-C,L-RF,no,YES
NIS001,0,Left Knee Flexion,27,6,2,EEG27,ESG6,EMG2,0.0020512558985501,0.0076253991574049,1.5641645000426165e-05,T8,T11T12-C,L-RF,no,YES
NIS001,0,Left Knee Flexion,25,1,2,EEG25,ESG1,EMG2,0.0020363428629934,0.006969538051635,1.4192369069808464e-05,T7,T11T12-L,L-RF,no,YES
NIS001,0,Left Knee Flexion,25,2,2,EEG25,ESG2,EMG2,0.0020312077831476,0.0069519630633294,1.4120881482390072e-05,T7,T12L1-L,L-RF,YES,YES
NIS001,0,Left Knee Flexion,26,3,2,EEG26,ESG3,EMG2,0.0016737648984417,0.0081312609836459,1.3609819214495324e-05,Cz2,L1L2-L,L-RF,YES,YES
NIS001,0,Left Knee Flexion,24,3,2,EEG24,ESG3,EMG2,0.0016456017037853,0.0081312609836459,1.338081692861114e-05,PO4,L1L2-L,L-RF,YES,YES
NIS001,0,Left Knee Flexion,27,1,2,EEG27,ESG1,EMG2,0.0018748271977528,0.006969538051635,1.3066679494979057e-05,T8,T11T12-L,L-RF,no,YES
NIS001,1,Left Plantar Flexion,15,3,1,EEG15,ESG3,EMG1,0.0016034460859373,0.0098949065431952,1.586594916740201e-05,C6,L1L2-L,R-MH,YES,no
NIS001,1,Left Plantar Flexion,20,3,1,EEG20,ESG3,EMG1,0.0014772760914638,0.0098949065431952,1.4617508863531688e-05,Pz,L1L2-L,R-MH,YES,no
NIS001,1,Left Plantar Flexion,27,3,1,EEG27,ESG3,EMG1,0.0013695603702217,0.0098949065431952,1.3551671868607942e-05,T8,L1L2-L,R-MH,YES,no
NIS001,1,Left Plantar Flexion,11,3,1,EEG11,ESG3,EMG1,0.0013474794104695,0.0098949065431952,1.3333182835475847e-05,C1,L1L2-L,R-MH,YES,no
NIS001,1,Left Plantar Flexion,26,3,1,EEG26,ESG3,EMG1,0.0013363189063966,0.0098949065431952,1.3222750690699506e-05,Cz2,L1L2-L,R-MH,YES,no
NIS001,1,Left Plantar Flexion,21,3,1,EEG21,ESG3,EMG1,0.0012833278160542,0.0098949065431952,1.2698408804139418e-05,P4,L1L2-L,R-MH,YES,no
NIS001,1,Left Plantar Flexion,6,3,1,EEG6,ESG3,EMG1,0.0012431648792698,0.0098949065431952,1.2301000298158243e-05,FC3,L1L2-L,R-MH,YES,no
NIS001,1,Left Plantar Flexion,0,3,1,EEG0,ESG3,EMG1,0.0011669173836708,0.0098949065431952,1.1546538455052546e-05,Fp1,L1L2-L,R-MH,YES,no
NIS001,1,Left Plantar Flexion,16,3,1,EEG16,ESG3,EMG1,0.0011614201357588,0.0098949065431952,1.1492143700718631e-05,CP3,L1L2-L,R-MH,YES,no
NIS001,1,Left Plantar Flexion,25,3,1,EEG25,ESG3,EMG1,0.0011076250812038,0.0098949065431952,1.095984666341142e-05,T7,L1L2-L,R-MH,YES,no
NIS001,2,Right Knee Flexion,10,13,2,EEG10,ESG13,EMG2,0.0012380505213513,0.0066316719166934,8.210344873893743e-06,C3,L1L2-R,L-RF,YES,no
NIS001,2,Right Knee Flexion,2,13,2,EEG2,ESG13,EMG2,0.0011340727796778,0.0066316719166934,7.520798604475798e-06,Fp2,L1L2-R,L-RF,YES,no
NIS001,2,Right Knee Flexion,19,13,2,EEG19,ESG13,EMG2,0.0009843438165262,0.0066316719166934,6.527845244427876e-06,P3,L1L2-R,L-RF,YES,no
NIS001,2,Right Knee Flexion,12,13,2,EEG12,ESG13,EMG2,0.0009839279809966,0.0066316719166934,6.525087559624491e-06,Cz,L1L2-R,L-RF,YES,no
NIS001,2,Right Knee Flexion,10,1,2,EEG10,ESG1,EMG2,0.0010408480884507,0.0055753486230969,5.803090956796862e-06,C3,T11T12-L,L-RF,no,no
NIS001,2,Right Knee Flexion,27,1,2,EEG27,ESG1,EMG2,0.0010379218729212,0.0055753486230969,5.786776285073903e-06,T8,T11T12-L,L-RF,no,no
NIS001,2,Right Knee Flexion,7,1,2,EEG7,ESG1,EMG2,0.0010182550176978,0.0055753486230969,5.6771267108830445e-06,FCz,T11T12-L,L-RF,no,no
NIS001,2,Right Knee Flexion,2,1,2,EEG2,ESG1,EMG2,0.0009534324053674,0.0055753486230969,5.315718048481662e-06,Fp2,T11T12-L,L-RF,no,no
NIS001,2,Right Knee Flexion,5,13,2,EEG5,ESG13,EMG2,0.0007842739578336,0.0066316719166934,5.201047581159424e-06,F4,L1L2-R,L-RF,YES,no
NIS001,2,Right Knee Flexion,0,13,2,EEG0,ESG13,EMG2,0.0007531890878453,0.0066316719166934,4.994902921824195e-06,Fp1,L1L2-R,L-RF,YES,no
NIS001,3,Right Plantar Flexion,2,1,1,EEG2,ESG1,EMG1,0.0021430561318993,0.0071162926033139,1.525061449992194e-05,Fp2,T11T12-L,R-MH,no,no
NIS001,3,Right Plantar Flexion,10,1,1,EEG10,ESG1,EMG1,0.0020802274812012,0.0071162926033139,1.48035074376831e-05,C3,T11T12-L,R-MH,no,no
NIS001,3,Right Plantar Flexion,25,1,1,EEG25,ESG1,EMG1,0.0019926691893488,0.0071162926033139,1.4180417013014536e-05,T7,T11T12-L,R-MH,no,no
NIS001,3,Right Plantar Flexion,27,1,1,EEG27,ESG1,EMG1,0.0019319023704156,0.0071162926033139,1.3747982548913368e-05,T8,T11T12-L,R-MH,no,no
NIS001,3,Right Plantar Flexion,6,1,1,EEG6,ESG1,EMG1,0.0017218656139448,0.0071162926033139,1.225329953241617e-05,FC3,T11T12-L,R-MH,no,no
NIS001,3,Right Plantar Flexion,26,1,1,EEG26,ESG1,EMG1,0.0017208103090524,0.0071162926033139,1.224578967401642e-05,Cz2,T11T12-L,R-MH,no,no
NIS001,3,Right Plantar Flexion,5,1,1,EEG5,ESG1,EMG1,0.0016339988214895,0.0071162926033139,1.1628013727189488e-05,F4,T11T12-L,R-MH,no,no
NIS001,3,Right Plantar Flexion,2,13,1,EEG2,ESG13,EMG1,0.0018616935703903,0.0061819916591048,1.1508974123962184e-05,Fp2,L1L2-R,R-MH,YES,no
NIS001,3,Right Plantar Flexion,24,1,1,EEG24,ESG1,EMG1,0.0015791225014254,0.0071162926033139,1.1237497776620474e-05,PO4,T11T12-L,R-MH,no,no
NIS001,3,Right Plantar Flexion,10,13,1,EEG10,ESG13,EMG1,0.0018071135273203,0.0061819916591048,1.1171560752949747e-05,C3,L1L2-R,R-MH,YES,no
NIS002,0,Left Knee Flexion,26,2,2,EEG26,ESG2,EMG2,0.0030059760902076,0.0111994501203298,3.366527928518525e-05,Cz2,T12L1-L,L-RF,YES,YES
NIS002,0,Left Knee Flexion,27,0,2,EEG27,ESG0,EMG2,0.0027956336271017,0.0112260691821575,3.138397650581052e-05,T8,T10T11-L,L-RF,no,YES
NIS002,0,Left Knee Flexion,27,2,2,EEG27,ESG2,EMG2,0.0027890044730156,0.0111994501203298,3.123531648091581e-05,T8,T12L1-L,L-RF,YES,YES
NIS002,0,Left Knee Flexion,26,3,2,EEG26,ESG3,EMG2,0.0028908106032758,0.0107703739777207,3.113511129604189e-05,Cz2,L1L2-L,L-RF,YES,YES
NIS002,0,Left Knee Flexion,27,3,2,EEG27,ESG3,EMG2,0.0026821515057235,0.0107703739777207,2.8887774781549908e-05,T8,L1L2-L,L-RF,YES,YES
NIS002,0,Left Knee Flexion,26,5,2,EEG26,ESG5,EMG2,0.0027141221798956,0.0101120807230472,2.7445422575317693e-05,Cz2,T10T11-C,L-RF,no,YES
NIS002,0,Left Knee Flexion,26,6,2,EEG26,ESG6,EMG2,0.0026891457382589,0.0100190257653594,2.694262043842293e-05,Cz2,T11T12-C,L-RF,no,YES
NIS002,0,Left Knee Flexion,27,6,2,EEG27,ESG6,EMG2,0.0024950429797172,0.0100190257653594,2.499789989946627e-05,T8,T11T12-C,L-RF,no,YES
NIS002,0,Left Knee Flexion,11,2,2,EEG11,ESG2,EMG2,0.0022206450812518,0.0111994501203298,2.4870003822436045e-05,C1,T12L1-L,L-RF,YES,YES
NIS002,0,Left Knee Flexion,20,2,2,EEG20,ESG2,EMG2,0.0021518196444958,0.0111994501203298,2.409919677647714e-05,Pz,T12L1-L,L-RF,YES,YES
NIS002,1,Left Plantar Flexion,20,3,1,EEG20,ESG3,EMG1,0.0029094843193888,0.0117906937375664,3.4304838544166154e-05,Pz,L1L2-L,R-MH,YES,no
NIS002,1,Left Plantar Flexion,19,3,1,EEG19,ESG3,EMG1,0.0027519147843122,0.0117906937375664,3.244698441370701e-05,P3,L1L2-L,R-MH,YES,no
NIS002,1,Left Plantar Flexion,0,3,1,EEG0,ESG3,EMG1,0.0027337563224136,0.0117906937375664,3.223288355071576e-05,Fp1,L1L2-L,R-MH,YES,no
NIS002,1,Left Plantar Flexion,16,3,1,EEG16,ESG3,EMG1,0.0025946232490241,0.0117906937375664,3.059240809361345e-05,CP3,L1L2-L,R-MH,YES,no
NIS002,1,Left Plantar Flexion,26,3,1,EEG26,ESG3,EMG1,0.0025304425507783,0.0117906937375664,2.983567313673448e-05,Cz2,L1L2-L,R-MH,YES,no
NIS002,1,Left Plantar Flexion,24,3,1,EEG24,ESG3,EMG1,0.0024981028400361,0.0117906937375664,2.945436551181129e-05,PO4,L1L2-L,R-MH,YES,no
NIS002,1,Left Plantar Flexion,18,3,1,EEG18,ESG3,EMG1,0.002462217118591,0.0117906937375664,2.903124796070069e-05,CP4,L1L2-L,R-MH,YES,no
NIS002,1,Left Plantar Flexion,17,3,1,EEG17,ESG3,EMG1,0.0023294608108699,0.0117906937375664,2.7465958994630623e-05,CPz,L1L2-L,R-MH,YES,no
NIS002,1,Left Plantar Flexion,10,3,1,EEG10,ESG3,EMG1,0.0022820318117737,0.0117906937375664,2.690673819200854e-05,C3,L1L2-L,R-MH,YES,no
NIS002,1,Left Plantar Flexion,22,3,1,EEG22,ESG3,EMG1,0.0021833027713,0.0117906937375664,2.5742654312779344e-05,PO3,L1L2-L,R-MH,YES,no
NIS002,2,Right Knee Flexion,26,1,2,EEG26,ESG1,EMG2,0.0020667132921516,0.0086629902943968,1.7903917191211104e-05,Cz2,T11T12-L,L-RF,no,no
NIS002,2,Right Knee Flexion,24,1,2,EEG24,ESG1,EMG2,0.0018769556190818,0.0086629902943968,1.626004831111979e-05,PO4,T11T12-L,L-RF,no,no
NIS002,2,Right Knee Flexion,19,1,2,EEG19,ESG1,EMG2,0.0017359558260068,0.0086629902943968,1.503856847219888e-05,P3,T11T12-L,L-RF,no,no
NIS002,2,Right Knee Flexion,20,1,2,EEG20,ESG1,EMG2,0.0014635560801252,0.0086629902943968,1.2678772117430772e-05,Pz,T11T12-L,L-RF,no,no
NIS002,2,Right Knee Flexion,23,1,2,EEG23,ESG1,EMG2,0.001445855712518,0.0086629902943968,1.2525434004642549e-05,POz,T11T12-L,L-RF,no,no
NIS002,2,Right Knee Flexion,22,1,2,EEG22,ESG1,EMG2,0.0014203933533281,0.0086629902943968,1.230485383410724e-05,PO3,T11T12-L,L-RF,no,no
NIS002,2,Right Knee Flexion,1,1,2,EEG1,ESG1,EMG2,0.0014191517839208,0.0086629902943968,1.2294098130382116e-05,Fpz,T11T12-L,L-RF,no,no
NIS002,2,Right Knee Flexion,23,0,2,EEG23,ESG0,EMG2,0.0013748214114457,0.0082373805344104,1.132492713293385e-05,POz,T10T11-L,L-RF,no,no
NIS002,2,Right Knee Flexion,26,7,2,EEG26,ESG7,EMG2,0.0016412254190072,0.0068794842809438,1.1290784471545835e-05,Cz2,T12L1-C,L-RF,no,no
NIS002,2,Right Knee Flexion,9,1,2,EEG9,ESG1,EMG2,0.0012940072920173,0.0086629902943968,1.1209972611625008e-05,C5,T11T12-L,L-RF,no,no
NIS002,3,Right Plantar Flexion,0,1,1,EEG0,ESG1,EMG1,0.0035669333301484,0.0128356516361236,4.578391363506407e-05,Fp1,T11T12-L,R-MH,no,no
NIS002,3,Right Plantar Flexion,24,1,1,EEG24,ESG1,EMG1,0.0032745625358074,0.0128356516361236,4.2031143970326645e-05,PO4,T11T12-L,R-MH,no,no
NIS002,3,Right Plantar Flexion,10,1,1,EEG10,ESG1,EMG1,0.0031929495744407,0.0128356516361236,4.098358842923033e-05,C3,T11T12-L,R-MH,no,no
NIS002,3,Right Plantar Flexion,22,1,1,EEG22,ESG1,EMG1,0.003128444077447,0.0128356516361236,4.015561834120468e-05,PO3,T11T12-L,R-MH,no,no
NIS002,3,Right Plantar Flexion,13,1,1,EEG13,ESG1,EMG1,0.0031101843342185,0.0128356516361236,3.992124263815788e-05,C2,T11T12-L,R-MH,no,no
NIS002,3,Right Plantar Flexion,15,1,1,EEG15,ESG1,EMG1,0.0030106378253549,0.0128356516361236,3.8643498328792825e-05,C6,T11T12-L,R-MH,no,no
NIS002,3,Right Plantar Flexion,20,1,1,EEG20,ESG1,EMG1,0.0028120253700762,0.0128356516361236,3.609417804224108e-05,Pz,T11T12-L,R-MH,no,no
NIS002,3,Right Plantar Flexion,26,1,1,EEG26,ESG1,EMG1,0.0027929465286433,0.0128356516361236,3.584928867998716e-05,Cz2,T11T12-L,R-MH,no,no
NIS002,3,Right Plantar Flexion,2,1,1,EEG2,ESG1,EMG1,0.002777415793389,0.0128356516361236,3.5649941572610255e-05,Fp2,T11T12-L,R-MH,no,no
NIS002,3,Right Plantar Flexion,27,1,1,EEG27,ESG1,EMG1,0.0025377210695296,0.0128356516361236,3.257330359813376e-05,T8,T11T12-L,R-MH,no,no
NIS003,0,Left Knee Flexion,27,0,2,EEG27,ESG0,EMG2,0.0004815018037334,0.0006408812478184,3.0858547680351085e-07,T8,T10T11-L,L-RF,no,YES
NIS003,0,Left Knee Flexion,27,2,2,EEG27,ESG2,EMG2,0.0004478173796087,0.0005960470880381,2.669202450886823e-07,T8,T12L1-L,L-RF,YES,YES
NIS003,0,Left Knee Flexion,27,1,2,EEG27,ESG1,EMG2,0.0003863854508381,0.0005142809241078,1.98710666718875e-07,T8,T11T12-L,L-RF,no,YES
NIS003,0,Left Knee Flexion,11,0,2,EEG11,ESG0,EMG2,0.0002900318067986,0.0006408812478184,1.8587594624816539e-07,C1,T10T11-L,L-RF,no,YES
NIS003,0,Left Knee Flexion,27,7,2,EEG27,ESG7,EMG2,0.0003546573279891,0.0004720506258308,1.6741621363277313e-07,T8,T12L1-C,L-RF,no,YES
NIS003,0,Left Knee Flexion,11,2,2,EEG11,ESG2,EMG2,0.0002697420422919,0.0005960470880381,1.6077895882956326e-07,C1,T12L1-L,L-RF,YES,YES
NIS003,0,Left Knee Flexion,27,6,2,EEG27,ESG6,EMG2,0.000322530104313,0.0004292891244404,1.3845866608621886e-07,T8,T11T12-C,L-RF,no,YES
NIS003,0,Left Knee Flexion,11,1,2,EEG11,ESG1,EMG2,0.0002327386464457,0.0005142809241078,1.1969304616976093e-07,C1,T11T12-L,L-RF,no,YES
NIS003,0,Left Knee Flexion,24,2,2,EEG24,ESG2,EMG2,0.0001914613385451,0.0005960470880381,1.1411997331175537e-07,PO4,T12L1-L,L-RF,YES,YES
NIS003,0,Left Knee Flexion,1,0,2,EEG1,ESG0,EMG2,0.0001750719093251,0.0006408812478184,1.122003037062945e-07,Fpz,T10T11-L,L-RF,no,YES
NIS003,1,Left Plantar Flexion,0,7,1,EEG0,ESG7,EMG1,8.476088987663388e-05,0.0002711598353926,2.298374894667912e-08,Fp1,T12L1-C,R-MH,no,no
NIS003,1,Left Plantar Flexion,0,6,1,EEG0,ESG6,EMG1,8.348703704541549e-05,0.0002670846297405,2.2298104377411715e-08,Fp1,T11T12-C,R-MH,no,no
NIS003,1,Left Plantar Flexion,0,3,1,EEG0,ESG3,EMG1,8.231034007621929e-05,0.0002633202238939,2.1673977177658896e-08,Fp1,L1L2-L,R-MH,YES,no
NIS003,1,Left Plantar Flexion,19,6,1,EEG19,ESG6,EMG1,7.741030276520178e-05,0.0002670846297405,2.067510205214903e-08,P3,T11T12-C,R-MH,no,no
NIS003,1,Left Plantar Flexion,19,3,1,EEG19,ESG3,EMG1,7.631925109308213e-05,0.0002633202238939,2.009640228525052e-08,P3,L1L2-L,R-MH,YES,no
NIS003,1,Left Plantar Flexion,0,1,1,EEG0,ESG1,EMG1,7.877899042796344e-05,0.0002520230482332,1.9854121304392648e-08,Fp1,T11T12-L,R-MH,no,no
NIS003,1,Left Plantar Flexion,19,1,1,EEG19,ESG1,EMG1,7.304493919946253e-05,0.0002520230482332,1.840900823506029e-08,P3,T11T12-L,R-MH,no,no
NIS003,1,Left Plantar Flexion,0,0,1,EEG0,ESG0,EMG1,7.202298002084717e-05,0.0002304098015883,1.6594800536408244e-08,Fp1,T10T11-L,R-MH,no,no
NIS003,1,Left Plantar Flexion,1,7,1,EEG1,ESG7,EMG1,5.662351395585574e-05,0.0002711598353926,1.5354022723620955e-08,Fpz,T12L1-C,R-MH,no,no
NIS003,1,Left Plantar Flexion,1,6,1,EEG1,ESG6,EMG1,5.577253250521608e-05,0.0002670846297405,1.489598619384932e-08,Fpz,T11T12-C,R-MH,no,no
NIS003,2,Right Knee Flexion,19,3,2,EEG19,ESG3,EMG2,4.43251192336902e-05,6.479257717728615e-05,2.871938708841283e-09,P3,L1L2-L,L-RF,no,no
NIS003,2,Right Knee Flexion,19,6,2,EEG19,ESG6,EMG2,4.355260898591951e-05,6.36633558315225e-05,2.772705243261757e-09,P3,T11T12-C,L-RF,no,no
NIS003,2,Right Knee Flexion,0,3,2,EEG0,ESG3,EMG2,4.223185533192009e-05,6.479257717728615e-05,2.7363107459334158e-09,Fp1,L1L2-L,L-RF,no,no
NIS003,2,Right Knee Flexion,0,6,2,EEG0,ESG6,EMG2,4.1495826735626906e-05,6.36633558315225e-05,2.64176358299342e-09,Fp1,T11T12-C,L-RF,no,no
NIS003,2,Right Knee Flexion,19,2,2,EEG19,ESG2,EMG2,4.193739005131647e-05,6.130229303380474e-05,2.57085817399877e-09,P3,T12L1-L,L-RF,no,no
NIS003,2,Right Knee Flexion,0,7,2,EEG0,ESG7,EMG2,4.06156359531451e-05,6.23129599262029e-05,2.530880495525576e-09,Fp1,T12L1-C,L-RF,no,no
NIS003,2,Right Knee Flexion,0,2,2,EEG0,ESG2,EMG2,3.995688530267216e-05,6.130229303380474e-05,2.449448691542535e-09,Fp1,T12L1-L,L-RF,no,no
NIS003,2,Right Knee Flexion,19,1,2,EEG19,ESG1,EMG2,4.024161898996681e-05,5.882349068997428e-05,2.3671525000058048e-09,P3,T11T12-L,L-RF,no,no
NIS003,2,Right Knee Flexion,0,1,2,EEG0,ESG1,EMG2,3.834119706880301e-05,5.882349068997428e-05,2.255363048819203e-09,Fp1,T11T12-L,L-RF,no,no
NIS003,2,Right Knee Flexion,19,12,2,EEG19,ESG12,EMG2,3.8472651795018464e-05,5.623768811346963e-05,2.163612992546366e-09,P3,T12L1-R,L-RF,YES,no
NIS004,0,Left Knee Flexion,27,2,2,EEG27,ESG2,EMG2,0.0051239603199064,0.0083166165277361,4.2614013083998575e-05,T8,T12L1-L,L-RF,YES,YES
NIS004,0,Left Knee Flexion,27,1,2,EEG27,ESG1,EMG2,0.0050261262804269,0.0081578232347965,4.100224975148864e-05,T8,T11T12-L,L-RF,no,YES
NIS004,0,Left Knee Flexion,27,3,2,EEG27,ESG3,EMG2,0.0048891147598624,0.0079354420304298,3.8797286757007166e-05,T8,L1L2-L,L-RF,YES,YES
NIS004,0,Left Knee Flexion,27,4,2,EEG27,ESG4,EMG2,0.004478205461055,0.007268501445651,3.254984286760101e-05,T8,L2L3-L,L-RF,YES,YES
NIS004,0,Left Knee Flexion,27,6,2,EEG27,ESG6,EMG2,0.0043261856772005,0.0070217605680227,3.0377439998111565e-05,T8,T11T12-C,L-RF,no,YES
NIS004,0,Left Knee Flexion,27,7,2,EEG27,ESG7,EMG2,0.0042178784497082,0.0068459692411124,2.887546612945365e-05,T8,T12L1-C,L-RF,no,YES
NIS004,0,Left Knee Flexion,11,14,2,EEG11,ESG14,EMG2,0.0028805769979953,0.0088967205956578,2.5627688705443658e-05,C1,L2L3-R,L-RF,no,YES
NIS004,0,Left Knee Flexion,5,2,2,EEG5,ESG2,EMG2,0.002845634240657,0.0083166165277361,2.366604875774078e-05,F4,T12L1-L,L-RF,YES,YES
NIS004,0,Left Knee Flexion,5,1,2,EEG5,ESG1,EMG2,0.0027913013473153,0.0081578232347965,2.277094298644769e-05,F4,T11T12-L,L-RF,no,YES
NIS004,0,Left Knee Flexion,11,2,2,EEG11,ESG2,EMG2,0.0026927508879452,0.0083166165277361,2.239457653976213e-05,C1,T12L1-L,L-RF,YES,YES
NIS004,1,Left Plantar Flexion,26,3,1,EEG26,ESG3,EMG1,0.0038052594754844,0.0109303621575236,4.15928641703939e-05,Cz2,L1L2-L,R-MH,YES,no
NIS004,1,Left Plantar Flexion,26,7,1,EEG26,ESG7,EMG1,0.0036268744152039,0.0104179624468088,3.778464145688621e-05,Cz2,T12L1-C,R-MH,no,no
NIS004,1,Left Plantar Flexion,25,3,1,EEG25,ESG3,EMG1,0.0028984250966459,0.0109303621575236,3.168083599279568e-05,T7,L1L2-L,R-MH,YES,no
NIS004,1,Left Plantar Flexion,25,7,1,EEG25,ESG7,EMG1,0.0027625511866062,0.0104179624468088,2.878015451945144e-05,T7,T12L1-C,R-MH,no,no
NIS004,1,Left Plantar Flexion,26,4,1,EEG26,ESG4,EMG1,0.0030711141880601,0.0088215768337249,2.7092069775115635e-05,Cz2,L2L3-L,R-MH,YES,no
NIS004,1,Left Plantar Flexion,20,3,1,EEG20,ESG3,EMG1,0.0024645489174872,0.0109303621575236,2.693841222306862e-05,Pz,L1L2-L,R-MH,YES,no
NIS004,1,Left Plantar Flexion,17,3,1,EEG17,ESG3,EMG1,0.0022395390551537,0.0109303621575236,2.4478972938748534e-05,CPz,L1L2-L,R-MH,YES,no
NIS004,1,Left Plantar Flexion,20,7,1,EEG20,ESG7,EMG1,0.0023490143939852,0.0104179624468088,2.4471943743551924e-05,Pz,T12L1-C,R-MH,no,no
NIS004,1,Left Plantar Flexion,11,3,1,EEG11,ESG3,EMG1,0.002109735738486,0.0109303621575236,2.306017567832311e-05,C1,L1L2-L,R-MH,YES,no
NIS004,1,Left Plantar Flexion,6,3,1,EEG6,ESG3,EMG1,0.0020610836800187,0.0109303621575236,2.2528391059566848e-05,FC3,L1L2-L,R-MH,YES,no
NIS004,2,Right Knee Flexion,25,4,2,EEG25,ESG4,EMG2,0.0031059347093105,0.0119231538847088,3.7032537494968015e-05,T7,L2L3-L,L-RF,no,no
NIS004,2,Right Knee Flexion,26,4,2,EEG26,ESG4,EMG2,0.0029606097377836,0.0119231538847088,3.529980549616231e-05,Cz2,L2L3-L,L-RF,no,no
NIS004,2,Right Knee Flexion,20,4,2,EEG20,ESG4,EMG2,0.0029445600230246,0.0119231538847088,3.5108442277285165e-05,Pz,L2L3-L,L-RF,no,no
NIS004,2,Right Knee Flexion,27,4,2,EEG27,ESG4,EMG2,0.0021270134020596,0.0119231538847088,2.536070810759566e-05,T8,L2L3-L,L-RF,no,no
NIS004,2,Right Knee Flexion,12,7,2,EEG12,ESG7,EMG2,0.0023659996222704,0.0089412424713373,2.1154976309812733e-05,Cz,T12L1-C,L-RF,no,no
NIS004,2,Right Knee Flexion,25,7,2,EEG25,ESG7,EMG2,0.0023291583638638,0.0089412424713373,2.082556968544978e-05,T7,T12L1-C,L-RF,no,no
NIS004,2,Right Knee Flexion,26,7,2,EEG26,ESG7,EMG2,0.0022201784886419,0.0089412424713373,1.9851154196595142e-05,Cz2,T12L1-C,L-RF,no,no
NIS004,2,Right Knee Flexion,20,7,2,EEG20,ESG7,EMG2,0.0022081425413489,0.0089412424713373,1.974353787347581e-05,Pz,T12L1-C,L-RF,no,no
NIS004,2,Right Knee Flexion,19,1,2,EEG19,ESG1,EMG2,0.0024867595639079,0.0073109022341668,1.8180456051610666e-05,P3,T11T12-L,L-RF,no,no
NIS004,2,Right Knee Flexion,22,7,2,EEG22,ESG7,EMG2,0.0018755280179902,0.0089412424713373,1.6769550770637893e-05,PO3,T12L1-C,L-RF,no,no
NIS004,3,Right Plantar Flexion,26,1,1,EEG26,ESG1,EMG1,0.0023264556657522,0.0076805297285318,1.7868411902921804e-05,Cz2,T11T12-L,R-MH,no,no
NIS004,3,Right Plantar Flexion,26,7,1,EEG26,ESG7,EMG1,0.0021829397883266,0.0072067282162606,1.5731853766931558e-05,Cz2,T12L1-C,R-MH,no,no
NIS004,3,Right Plantar Flexion,26,2,1,EEG26,ESG2,EMG1,0.0020439554937183,0.0067478874698281,1.379238166494866e-05,Cz2,T12L1-L,R-MH,no,no
NIS004,3,Right Plantar Flexion,26,4,1,EEG26,ESG4,EMG1,0.0020407426636666,0.0067372811026871,1.3749056983368402e-05,Cz2,L2L3-L,R-MH,no,no
NIS004,3,Right Plantar Flexion,23,1,1,EEG23,ESG1,EMG1,0.0017872684402391,0.0076805297285318,1.3727168388123375e-05,POz,T11T12-L,R-MH,no,no
NIS004,3,Right Plantar Flexion,20,1,1,EEG20,ESG1,EMG1,0.001770990085788,0.0076805297285318,1.360214200283043e-05,Pz,T11T12-L,R-MH,no,no
NIS004,3,Right Plantar Flexion,24,1,1,EEG24,ESG1,EMG1,0.0016903490759432,0.0076805297285318,1.298277632937831e-05,PO4,T11T12-L,R-MH,no,no
NIS004,3,Right Plantar Flexion,4,1,1,EEG4,ESG1,EMG1,0.001573990099132,0.0076805297285318,1.2089077748798568e-05,Fz,T11T12-L,R-MH,no,no
NIS004,3,Right Plantar Flexion,23,7,1,EEG23,ESG7,EMG1,0.0016770142829045,0.0072067282162606,1.2085786151680487e-05,POz,T12L1-C,R-MH,no,no
NIS004,3,Right Plantar Flexion,20,7,1,EEG20,ESG7,EMG1,0.0016617401270195,0.0072067282162606,1.197570946148463e-05,Pz,T12L1-C,R-MH,no,no
NIS005,0,Left Knee Flexion,27,3,2,EEG27,ESG3,EMG2,0.0015475704567506,0.0052653099410235,8.148438110363828e-06,T8,L1L2-L,L-RF,YES,YES
NIS005,0,Left Knee Flexion,20,3,2,EEG20,ESG3,EMG2,0.0013915497111156,0.0052653099410235,7.326940527365778e-06,Pz,L1L2-L,L-RF,YES,YES
NIS005,0,Left Knee Flexion,24,3,2,EEG24,ESG3,EMG2,0.0013444789219647,0.0052653099410235,7.079098233317752e-06,PO4,L1L2-L,L-RF,YES,YES
NIS005,0,Left Knee Flexion,27,0,2,EEG27,ESG0,EMG2,0.0014269506791606,0.0048549245111644,6.927737828479788e-06,T8,T10T11-L,L-RF,no,YES
NIS005,0,Left Knee Flexion,5,3,2,EEG5,ESG3,EMG2,0.0013156237546354,0.0052653099410235,6.92716683392883e-06,F4,L1L2-L,L-RF,YES,YES
NIS005,0,Left Knee Flexion,17,3,2,EEG17,ESG3,EMG2,0.0012056353734806,0.0052653099410235,6.3480439172371845e-06,CPz,L1L2-L,L-RF,YES,YES
NIS005,0,Left Knee Flexion,20,0,2,EEG20,ESG0,EMG2,0.001283090445213,0.0048549245111644,6.229307252505567e-06,Pz,T10T11-L,L-RF,no,YES
NIS005,0,Left Knee Flexion,11,3,2,EEG11,ESG3,EMG2,0.0011370095890015,0.0052653099410235,5.986707892008934e-06,C1,L1L2-L,L-RF,YES,YES
NIS005,0,Left Knee Flexion,27,6,2,EEG27,ESG6,EMG2,0.001301288139075,0.0044273817911744,5.761299412012071e-06,T8,T11T12-C,L-RF,no,YES
NIS005,0,Left Knee Flexion,7,3,2,EEG7,ESG3,EMG2,0.0010751106310635,0.0052653099410235,5.660790693439214e-06,FCz,L1L2-L,L-RF,YES,YES
NIS005,1,Left Plantar Flexion,16,3,1,EEG16,ESG3,EMG1,0.0012967929942533,0.0050085778348147,6.495088647360365e-06,CP3,L1L2-L,R-MH,YES,no
NIS005,1,Left Plantar Flexion,20,0,1,EEG20,ESG0,EMG1,0.0012345245340839,0.0051538343541324,6.3625349547809305e-06,Pz,T10T11-L,R-MH,no,no
NIS005,1,Left Plantar Flexion,20,3,1,EEG20,ESG3,EMG1,0.0011997305555269,0.0050085778348147,6.008943868162124e-06,Pz,L1L2-L,R-MH,YES,no
NIS005,1,Left Plantar Flexion,21,0,1,EEG21,ESG0,EMG1,0.0011604067403823,0.0051538343541324,5.9805441233491815e-06,P4,T10T11-L,R-MH,no,no
NIS005,1,Left Plantar Flexion,6,3,1,EEG6,ESG3,EMG1,0.0011390757281333,0.0050085778348147,5.705149444104065e-06,FC3,L1L2-L,R-MH,YES,no
NIS005,1,Left Plantar Flexion,21,3,1,EEG21,ESG3,EMG1,0.0011277017183601,0.0050085778348147,5.648181830861373e-06,P4,L1L2-L,R-MH,YES,no
NIS005,1,Left Plantar Flexion,0,3,1,EEG0,ESG3,EMG1,0.0011250189272686,0.0050085778348147,5.634744862865039e-06,Fp1,L1L2-L,R-MH,YES,no
NIS005,1,Left Plantar Flexion,2,0,1,EEG2,ESG0,EMG1,0.0009918754221871,0.0051538343541324,5.111961625887723e-06,Fp2,T10T11-L,R-MH,no,no
NIS005,1,Left Plantar Flexion,25,3,1,EEG25,ESG3,EMG1,0.0010040985653176,0.0050085778348147,5.029105818219512e-06,T7,L1L2-L,R-MH,YES,no
NIS005,1,Left Plantar Flexion,26,0,1,EEG26,ESG0,EMG1,0.0009717984939925,0.0051538343541324,5.008488463632881e-06,Cz2,T10T11-L,R-MH,no,no
NIS005,2,Right Knee Flexion,24,1,2,EEG24,ESG1,EMG2,0.0007227684836834,0.0032570837065577,2.354117451818872e-06,PO4,T11T12-L,L-RF,no,no
NIS005,2,Right Knee Flexion,8,1,2,EEG8,ESG1,EMG2,0.0006713413167744,0.0032570837065577,2.186614864405209e-06,FC4,T11T12-L,L-RF,no,no
NIS005,2,Right Knee Flexion,12,4,2,EEG12,ESG4,EMG2,0.0006394443335011,0.0033855382353067,2.164863240418412e-06,Cz,L2L3-L,L-RF,no,no
NIS005,2,Right Knee Flexion,4,1,2,EEG4,ESG1,EMG2,0.0006518176523968,0.0032570837065577,2.123024655268529e-06,Fz,T11T12-L,L-RF,no,no
NIS005,2,Right Knee Flexion,20,1,2,EEG20,ESG1,EMG2,0.0006378090474754,0.0032570837065577,2.0773974564274305e-06,Pz,T11T12-L,L-RF,no,no
NIS005,2,Right Knee Flexion,18,4,2,EEG18,ESG4,EMG2,0.0006078325677663,0.0033855382353067,2.0578403988375134e-06,CP4,L2L3-L,L-RF,no,no
NIS005,2,Right Knee Flexion,11,1,2,EEG11,ESG1,EMG2,0.0006263127434067,0.0032570837065577,2.0399530317595877e-06,C1,T11T12-L,L-RF,no,no
NIS005,2,Right Knee Flexion,12,1,2,EEG12,ESG1,EMG2,0.0006151824491098,0.0032570837065577,2.0037007315559926e-06,Cz,T11T12-L,L-RF,no,no
NIS005,2,Right Knee Flexion,22,1,2,EEG22,ESG1,EMG2,0.0006107572698965,0.0032570837065577,1.9892875524418025e-06,PO3,T11T12-L,L-RF,no,no
NIS005,2,Right Knee Flexion,1,1,2,EEG1,ESG1,EMG2,0.0006105226348154,0.0032570837065577,1.9885233263420275e-06,Fpz,T11T12-L,L-RF,no,no
NIS005,3,Right Plantar Flexion,2,1,1,EEG2,ESG1,EMG1,0.0013560180086642,0.0062600211240351,8.488701378810246e-06,Fp2,T11T12-L,R-MH,no,no
NIS005,3,Right Plantar Flexion,0,1,1,EEG0,ESG1,EMG1,0.0012729909503832,0.0062600211240351,7.968950240104663e-06,Fp1,T11T12-L,R-MH,no,no
NIS005,3,Right Plantar Flexion,23,1,1,EEG23,ESG1,EMG1,0.0012536719441413,0.0062600211240351,7.848012852935266e-06,POz,T11T12-L,R-MH,no,no
NIS005,3,Right Plantar Flexion,20,1,1,EEG20,ESG1,EMG1,0.0012192509602755,0.0062600211240351,7.632536766824928e-06,Pz,T11T12-L,R-MH,no,no
NIS005,3,Right Plantar Flexion,25,1,1,EEG25,ESG1,EMG1,0.0012188503751531,0.0062600211240351,7.630029095496689e-06,T7,T11T12-L,R-MH,no,no
NIS005,3,Right Plantar Flexion,2,7,1,EEG2,ESG7,EMG1,0.0012425917666405,0.0057363919913768,7.127993458707661e-06,Fp2,T12L1-C,R-MH,no,no
NIS005,3,Right Plantar Flexion,16,1,1,EEG16,ESG1,EMG1,0.0011293506249785,0.0062600211240351,7.06975876880794e-06,CP3,T11T12-L,R-MH,no,no
NIS005,3,Right Plantar Flexion,13,1,1,EEG13,ESG1,EMG1,0.0011205258779227,0.0062600211240351,7.014515665824559e-06,C2,T11T12-L,R-MH,no,no
NIS005,3,Right Plantar Flexion,4,1,1,EEG4,ESG1,EMG1,0.0010870681144297,0.0062600211240351,6.805069359595026e-06,Fz,T11T12-L,R-MH,no,no
NIS005,3,Right Plantar Flexion,0,7,1,EEG0,ESG7,EMG1,0.0011665095807984,0.0057363919913768,6.69155621715661e-06,Fp1,T12L1-C,R-MH,no,no
NIS006,0,Left Knee Flexion,27,2,2,EEG27,ESG2,EMG2,0.0011554413940757,0.001557916868478,1.8000816383684185e-06,T8,T12L1-L,L-RF,YES,YES
NIS006,0,Left Knee Flexion,27,3,2,EEG27,ESG3,EMG2,0.0008946801535785,0.0012063245521858,1.0792746356151606e-06,T8,L1L2-L,L-RF,YES,YES
NIS006,0,Left Knee Flexion,27,0,2,EEG27,ESG0,EMG2,0.0008647989598102,0.0011660347227007,1.0083856152942546e-06,T8,T10T11-L,L-RF,no,YES
NIS006,0,Left Knee Flexion,11,2,2,EEG11,ESG2,EMG2,0.0006291776080615,0.001557916868478,9.802064088678156e-07,C1,T12L1-L,L-RF,YES,YES
NIS006,0,Left Knee Flexion,24,2,2,EEG24,ESG2,EMG2,0.0005844715051352,0.001557916868478,9.105580169950412e-07,PO4,T12L1-L,L-RF,YES,YES
NIS006,0,Left Knee Flexion,25,2,2,EEG25,ESG2,EMG2,0.0005694006686098,0.001557916868478,8.870789065500292e-07,T7,T12L1-L,L-RF,YES,YES
NIS006,0,Left Knee Flexion,2,2,2,EEG2,ESG2,EMG2,0.0005252064438536,0.001557916868478,8.182279783130173e-07,Fp2,T12L1-L,L-RF,YES,YES
NIS006,0,Left Knee Flexion,8,2,2,EEG8,ESG2,EMG2,0.0005236742435954,0.001557916868478,8.158409376848419e-07,FC4,T12L1-L,L-RF,YES,YES
NIS006,0,Left Knee Flexion,12,2,2,EEG12,ESG2,EMG2,0.0004970912705175,0.001557916868478,7.744268755124938e-07,Cz,T12L1-L,L-RF,YES,YES
NIS006,0,Left Knee Flexion,3,2,2,EEG3,ESG2,EMG2,0.0004900034400634,0.001557916868478,7.633846248871216e-07,F3,T12L1-L,L-RF,YES,YES
NIS006,1,Left Plantar Flexion,0,12,1,EEG0,ESG12,EMG1,0.0005591011140495,0.0014992461074143,8.382301688898285e-07,Fp1,T12L1-R,R-MH,no,no
NIS006,1,Left Plantar Flexion,1,12,1,EEG1,ESG12,EMG1,0.0004160092503298,0.0014992461074143,6.237002492053318e-07,Fpz,T12L1-R,R-MH,no,no
NIS006,1,Left Plantar Flexion,0,3,1,EEG0,ESG3,EMG1,0.0004518821951933,0.0012117355363443,5.475617141570402e-07,Fp1,L1L2-L,R-MH,YES,no
NIS006,1,Left Plantar Flexion,10,12,1,EEG10,ESG12,EMG1,0.0003447655763011,0.0014992461074143,5.168884482399582e-07,C3,T12L1-R,R-MH,no,no
NIS006,1,Left Plantar Flexion,18,3,1,EEG18,ESG3,EMG1,0.0004253258812241,0.0012117355363443,5.153824848062489e-07,CP4,L1L2-L,R-MH,YES,no
NIS006,1,Left Plantar Flexion,6,12,1,EEG6,ESG12,EMG1,0.0003376984677743,0.0014992461074143,5.062931132904396e-07,FC3,T12L1-R,R-MH,no,no
NIS006,1,Left Plantar Flexion,14,12,1,EEG14,ESG12,EMG1,0.0003335903165861,0.0014992461074143,5.001339836129806e-07,C4,T12L1-R,R-MH,no,no
NIS006,1,Left Plantar Flexion,16,3,1,EEG16,ESG3,EMG1,0.0004103344399482,0.0012117355363443,4.972168226711918e-07,CP3,L1L2-L,R-MH,YES,no
NIS006,1,Left Plantar Flexion,3,12,1,EEG3,ESG12,EMG1,0.0003273687325417,0.0014992461074143,4.908062979524673e-07,F3,T12L1-R,R-MH,no,no
NIS006,1,Left Plantar Flexion,8,12,1,EEG8,ESG12,EMG1,0.0003226846456527,0.0014992461074143,4.837836989173006e-07,FC4,T12L1-R,R-MH,no,no
NIS006,2,Right Knee Flexion,4,12,2,EEG4,ESG12,EMG2,0.0002098752011079,0.0007705322932451,1.6171562000499325e-07,Fz,T12L1-R,L-RF,YES,no
NIS006,2,Right Knee Flexion,5,12,2,EEG5,ESG12,EMG2,0.0001875339221442,0.0007705322932451,1.4450094309104565e-07,F4,T12L1-R,L-RF,YES,no
NIS006,2,Right Knee Flexion,8,12,2,EEG8,ESG12,EMG2,0.0001736935664666,0.0007705322932451,1.3383650209150918e-07,FC4,T12L1-R,L-RF,YES,no
NIS006,2,Right Knee Flexion,14,12,2,EEG14,ESG12,EMG2,0.0001615220098756,0.0007705322932451,1.244579246790389e-07,C4,T12L1-R,L-RF,YES,no
NIS006,2,Right Knee Flexion,2,3,2,EEG2,ESG3,EMG2,0.0001894457091111,0.0006164399674162,1.16781906751633e-07,Fp2,L1L2-L,L-RF,no,no
NIS006,2,Right Knee Flexion,1,12,2,EEG1,ESG12,EMG2,0.0001488538837293,0.0007705322932451,1.146967243884039e-07,Fpz,T12L1-R,L-RF,YES,no
NIS006,2,Right Knee Flexion,2,9,2,EEG2,ESG9,EMG2,0.0001877421454992,0.0006108967354521,1.1469106379224626e-07,Fp2,L2L3-C,L-RF,YES,no
NIS006,2,Right Knee Flexion,12,3,2,EEG12,ESG3,EMG2,0.0001709536882117,0.0006164399674162,1.0538268599092825e-07,Cz,L1L2-L,L-RF,no,no
NIS006,2,Right Knee Flexion,4,3,2,EEG4,ESG3,EMG2,0.0001679040142334,0.0006164399674162,1.0350274506315229e-07,Fz,L1L2-L,L-RF,no,no
NIS006,2,Right Knee Flexion,12,9,2,EEG12,ESG9,EMG2,0.000169416409335,0.0006108967354521,1.0349593139483142e-07,Cz,L2L3-C,L-RF,YES,no
NIS006,3,Right Plantar Flexion,0,12,1,EEG0,ESG12,EMG1,0.0001522328529972,0.0003596326860133,5.4747909822880354e-08,Fp1,T12L1-R,R-MH,no,no
NIS006,3,Right Plantar Flexion,14,12,1,EEG14,ESG12,EMG1,0.0001346443459624,0.0003596326860133,4.8422507794984726e-08,C4,T12L1-R,R-MH,no,no
NIS006,3,Right Plantar Flexion,18,3,1,EEG18,ESG3,EMG1,0.0001480076898587,0.0003219896170776,4.7656939382175924e-08,CP4,L1L2-L,R-MH,no,no
NIS006,3,Right Plantar Flexion,0,3,1,EEG0,ESG3,EMG1,0.0001362985058221,0.0003219896170776,4.3886703697942723e-08,Fp1,L1L2-L,R-MH,no,no
NIS006,3,Right Plantar Flexion,10,12,1,EEG10,ESG12,EMG1,0.0001173419586848,0.0003596326860133,4.2200003783899676e-08,C3,T12L1-R,R-MH,no,no
NIS006,3,Right Plantar Flexion,18,1,1,EEG18,ESG1,EMG1,0.0001383927010465,0.0003010722575709,4.166620293541995e-08,CP4,T11T12-L,R-MH,no,no
NIS006,3,Right Plantar Flexion,22,3,1,EEG22,ESG3,EMG1,0.0001258861011592,0.0003219896170776,4.0534017507668694e-08,PO3,L1L2-L,R-MH,no,no
NIS006,3,Right Plantar Flexion,3,12,1,EEG3,ESG12,EMG1,0.0001123924885177,0.0003596326860133,4.042001253338113e-08,F3,T12L1-R,R-MH,no,no
NIS006,3,Right Plantar Flexion,1,12,1,EEG1,ESG12,EMG1,0.0001122637549997,0.0003596326860133,4.037371575249847e-08,Fpz,T12L1-R,R-MH,no,no
NIS006,3,Right Plantar Flexion,14,3,1,EEG14,ESG3,EMG1,0.0001205510052386,0.0003219896170776,3.8816172015122255e-08,C4,L1L2-L,R-MH,no,no
NIS007,0,Left Knee Flexion,27,6,2,EEG27,ESG6,EMG2,0.0058177420869469,0.0169403962790966,9.855485640246006e-05,T8,T11T12-C,L-RF,no,YES
NIS007,0,Left Knee Flexion,27,2,2,EEG27,ESG2,EMG2,0.0055212471634149,0.016077047213912,8.87653513259e-05,T8,T12L1-L,L-RF,YES,YES
NIS007,0,Left Knee Flexion,27,1,2,EEG27,ESG1,EMG2,0.0050337868742644,0.014657637104392,7.378342126382071e-05,T8,T11T12-L,L-RF,no,YES
NIS007,0,Left Knee Flexion,27,0,2,EEG27,ESG0,EMG2,0.0046885441988706,0.01365234144032,6.40096062610139e-05,T8,T10T11-L,L-RF,no,YES
NIS007,0,Left Knee Flexion,27,3,2,EEG27,ESG3,EMG2,0.0045462353155016,0.0132379587739706,6.018287568338061e-05,T8,L1L2-L,L-RF,YES,YES
NIS007,0,Left Knee Flexion,27,7,2,EEG27,ESG7,EMG2,0.0042979633435606,0.0125150280073285,5.3789131619133394e-05,T8,T12L1-C,L-RF,no,YES
NIS007,0,Left Knee Flexion,11,6,2,EEG11,ESG6,EMG2,0.0029217316769063,0.0169403962790966,4.9495292427982965e-05,C1,T11T12-C,L-RF,no,YES
NIS007,0,Left Knee Flexion,26,6,2,EEG26,ESG6,EMG2,0.0029154762160032,0.0169403962790966,4.938932244137693e-05,Cz2,T11T12-C,L-RF,no,YES
NIS007,0,Left Knee Flexion,5,6,2,EEG5,ESG6,EMG2,0.0028659894596785,0.0169403962790966,4.8550997178668266e-05,F4,T11T12-C,L-RF,no,YES
NIS007,0,Left Knee Flexion,11,14,2,EEG11,ESG14,EMG2,0.0028873798437416,0.0167412236332893,4.8338271678331074e-05,C1,L2L3-R,L-RF,no,YES
NIS007,1,Left Plantar Flexion,16,6,1,EEG16,ESG6,EMG1,0.0028954322915524,0.0098305810242891,2.846378174244926e-05,CP3,T11T12-C,R-MH,no,no
NIS007,1,Left Plantar Flexion,16,7,1,EEG16,ESG7,EMG1,0.0028729899786412,0.0097543857991695,2.802425264881482e-05,CP3,T12L1-C,R-MH,no,no
NIS007,1,Left Plantar Flexion,27,6,1,EEG27,ESG6,EMG1,0.0027648156974464,0.0098305810242891,2.7179744730973943e-05,T8,T11T12-C,R-MH,no,no
NIS007,1,Left Plantar Flexion,25,6,1,EEG25,ESG6,EMG1,0.0027402515988796,0.0098305810242891,2.693826536972468e-05,T7,T11T12-C,R-MH,no,no
NIS007,1,Left Plantar Flexion,27,7,1,EEG27,ESG7,EMG1,0.0027433859650045,0.0097543857991695,2.6760045098681535e-05,T8,T12L1-C,R-MH,no,no
NIS007,1,Left Plantar Flexion,25,7,1,EEG25,ESG7,EMG1,0.0027190123219043,0.0097543857991695,2.652229518055032e-05,T7,T12L1-C,R-MH,no,no
NIS007,1,Left Plantar Flexion,20,6,1,EEG20,ESG6,EMG1,0.0025616732891649,0.0098305810242891,2.51827368268928e-05,Pz,T11T12-C,R-MH,no,no
NIS007,1,Left Plantar Flexion,21,6,1,EEG21,ESG6,EMG1,0.0025548085104674,0.0098305810242891,2.5115252063693305e-05,P4,T11T12-C,R-MH,no,no
NIS007,1,Left Plantar Flexion,26,6,1,EEG26,ESG6,EMG1,0.0025455781724303,0.0098305810242891,2.5024512477738858e-05,Cz2,T11T12-C,R-MH,no,no
NIS007,1,Left Plantar Flexion,20,7,1,EEG20,ESG7,EMG1,0.002541818190366,0.0097543857991695,2.479387526017722e-05,Pz,T12L1-C,R-MH,no,no
NIS007,2,Right Knee Flexion,27,6,2,EEG27,ESG6,EMG2,0.0028595780022442,0.0070116482675075,2.005035514523849e-05,T8,T11T12-C,L-RF,no,no
NIS007,2,Right Knee Flexion,21,6,2,EEG21,ESG6,EMG2,0.0023221815936267,0.0070116482675075,1.6282320547790843e-05,P4,T11T12-C,L-RF,no,no
NIS007,2,Right Knee Flexion,23,6,2,EEG23,ESG6,EMG2,0.0021852201316505,0.0070116482675075,1.5321994950210326e-05,POz,T11T12-C,L-RF,no,no
NIS007,2,Right Knee Flexion,24,6,2,EEG24,ESG6,EMG2,0.002094091149047,0.0070116482675075,1.468303057721842e-05,PO4,T11T12-C,L-RF,no,no
NIS007,2,Right Knee Flexion,25,6,2,EEG25,ESG6,EMG2,0.0020800281781703,0.0070116482675075,1.458442597183484e-05,T7,T11T12-C,L-RF,no,no
NIS007,2,Right Knee Flexion,20,6,2,EEG20,ESG6,EMG2,0.0019964773673564,0.0070116482675075,1.399859707394268e-05,Pz,T11T12-C,L-RF,no,no
NIS007,2,Right Knee Flexion,22,6,2,EEG22,ESG6,EMG2,0.0019945770036429,0.0070116482675075,1.3985272392003263e-05,PO3,T11T12-C,L-RF,no,no
NIS007,2,Right Knee Flexion,19,6,2,EEG19,ESG6,EMG2,0.0019736296962946,0.0070116482675075,1.3838397240725948e-05,P3,T11T12-C,L-RF,no,no
NIS007,2,Right Knee Flexion,12,6,2,EEG12,ESG6,EMG2,0.0018749648006632,0.0070116482675075,1.314659369620842e-05,Cz,T11T12-C,L-RF,no,no
NIS007,2,Right Knee Flexion,5,6,2,EEG5,ESG6,EMG2,0.0017990736523643,0.0070116482675075,1.2614471657718724e-05,F4,T11T12-C,L-RF,no,no
NIS007,3,Right Plantar Flexion,23,1,1,EEG23,ESG1,EMG1,0.0030072927474975,0.0085676349699497,2.5765386508336263e-05,POz,T11T12-L,R-MH,no,no
NIS007,3,Right Plantar Flexion,20,1,1,EEG20,ESG1,EMG1,0.0028507385868579,0.0085676349699497,2.442408760694893e-05,Pz,T11T12-L,R-MH,no,no
NIS007,3,Right Plantar Flexion,26,1,1,EEG26,ESG1,EMG1,0.002849641488865,0.0085676349699497,2.441468807181952e-05,Cz2,T11T12-L,R-MH,no,no
NIS007,3,Right Plantar Flexion,24,1,1,EEG24,ESG1,EMG1,0.0028489036485552,0.0085676349699497,2.440836652537956e-05,PO4,T11T12-L,R-MH,no,no
NIS007,3,Right Plantar Flexion,10,1,1,EEG10,ESG1,EMG1,0.002534276805818,0.0085676349699497,2.1712758585059472e-05,C3,T11T12-L,R-MH,no,no
NIS007,3,Right Plantar Flexion,21,1,1,EEG21,ESG1,EMG1,0.0024638122413307,0.0085676349699497,2.110904391821548e-05,P4,T11T12-L,R-MH,no,no
NIS007,3,Right Plantar Flexion,16,1,1,EEG16,ESG1,EMG1,0.0022119113709777,0.0085676349699497,1.8950849212418484e-05,CP3,T11T12-L,R-MH,no,no
NIS007,3,Right Plantar Flexion,18,1,1,EEG18,ESG1,EMG1,0.0021969643421471,0.0085676349699497,1.8822788525512182e-05,CP4,T11T12-L,R-MH,no,no
NIS007,3,Right Plantar Flexion,4,1,1,EEG4,ESG1,EMG1,0.0021948269568383,0.0085676349699497,1.8804476188396743e-05,Fz,T11T12-L,R-MH,no,no
NIS007,3,Right Plantar Flexion,27,1,1,EEG27,ESG1,EMG1,0.0021945603657513,0.0085676349699497,1.8802192133277225e-05,T8,T11T12-L,R-MH,no,no
NIS008,0,Left Knee Flexion,27,2,2,EEG27,ESG2,EMG2,0.0027472716756165,0.0068578729405999,1.884044008468701e-05,T8,T12L1-L,L-RF,YES,YES
NIS008,0,Left Knee Flexion,27,0,2,EEG27,ESG0,EMG2,0.0025090044364333,0.0062630986794829,1.5714142372642327e-05,T8,T10T11-L,L-RF,no,YES
NIS008,0,Left Knee Flexion,27,6,2,EEG27,ESG6,EMG2,0.0023544232826679,0.0058772256597876,1.383747693089782e-05,T8,T11T12-C,L-RF,no,YES
NIS008,0,Left Knee Flexion,27,1,2,EEG27,ESG1,EMG2,0.0022983415983617,0.0057372315786778,1.3186117996709944e-05,T8,T11T12-L,L-RF,no,YES
NIS008,0,Left Knee Flexion,27,3,2,EEG27,ESG3,EMG2,0.0022115290630608,0.0055205258540809,1.220880336967893e-05,T8,L1L2-L,L-RF,YES,YES
NIS008,0,Left Knee Flexion,11,2,2,EEG11,ESG2,EMG2,0.0016092170262709,0.0068578729405999,1.1035805900016051e-05,C1,T12L1-L,L-RF,YES,YES
NIS008,0,Left Knee Flexion,24,2,2,EEG24,ESG2,EMG2,0.0015920032747089,0.0068578729405999,1.0917756178973215e-05,PO4,T12L1-L,L-RF,YES,YES
NIS008,0,Left Knee Flexion,25,2,2,EEG25,ESG2,EMG2,0.0015698364004492,0.0068578729405999,1.0765738571809867e-05,T7,T12L1-L,L-RF,YES,YES
NIS008,0,Left Knee Flexion,5,2,2,EEG5,ESG2,EMG2,0.0015674402238801,0.0068578729405999,1.07493058973553e-05,F4,T12L1-L,L-RF,YES,YES
NIS008,0,Left Knee Flexion,20,2,2,EEG20,ESG2,EMG2,0.0014026953140273,0.0068578729405999,9.6195062379746e-06,Pz,T12L1-L,L-RF,YES,YES
NIS008,1,Left Plantar Flexion,20,3,1,EEG20,ESG3,EMG1,0.0019376373384147,0.0083292545750737,1.613907466582504e-05,Pz,L1L2-L,R-MH,YES,no
NIS008,1,Left Plantar Flexion,0,3,1,EEG0,ESG3,EMG1,0.0016831248067319,0.0083292545750737,1.4019174996892076e-05,Fp1,L1L2-L,R-MH,YES,no
NIS008,1,Left Plantar Flexion,16,3,1,EEG16,ESG3,EMG1,0.0016424887580797,0.0083292545750737,1.3680707002742556e-05,CP3,L1L2-L,R-MH,YES,no
NIS008,1,Left Plantar Flexion,26,3,1,EEG26,ESG3,EMG1,0.0016192874172702,0.0083292545750737,1.348745712865748e-05,Cz2,L1L2-L,R-MH,YES,no
NIS008,1,Left Plantar Flexion,6,3,1,EEG6,ESG3,EMG1,0.0015488764038309,0.0083292545750737,1.2900985872832632e-05,FC3,L1L2-L,R-MH,YES,no
NIS008,1,Left Plantar Flexion,25,3,1,EEG25,ESG3,EMG1,0.001517544616945,0.0083292545750737,1.2640015443568368e-05,T7,L1L2-L,R-MH,YES,no
NIS008,1,Left Plantar Flexion,21,3,1,EEG21,ESG3,EMG1,0.001378484070301,0.0083292545750737,1.1481744749221312e-05,P4,L1L2-L,R-MH,YES,no
NIS008,1,Left Plantar Flexion,2,3,1,EEG2,ESG3,EMG1,0.0013337596319615,0.0083292545750737,1.1109223516564664e-05,Fp2,L1L2-L,R-MH,YES,no
NIS008,1,Left Plantar Flexion,18,3,1,EEG18,ESG3,EMG1,0.0013295239768922,0.0083292545750737,1.1073943667199836e-05,CP4,L1L2-L,R-MH,YES,no
NIS008,1,Left Plantar Flexion,27,3,1,EEG27,ESG3,EMG1,0.001309989253059,0.0083292545750737,1.0911233979339326e-05,T8,L1L2-L,R-MH,YES,no
NIS008,2,Right Knee Flexion,4,1,2,EEG4,ESG1,EMG2,0.0010664770379662,0.0036380756646394,3.879924158721806e-06,Fz,T11T12-L,L-RF,no,no
NIS008,2,Right Knee Flexion,4,2,2,EEG4,ESG2,EMG2,0.0009406038443557,0.0032086840365082,3.018100540062675e-06,Fz,T12L1-L,L-RF,no,no
NIS008,2,Right Knee Flexion,20,1,2,EEG20,ESG1,EMG2,0.0007827870431356,0.0036380756646394,2.847838492226764e-06,Pz,T11T12-L,L-RF,no,no
NIS008,2,Right Knee Flexion,0,1,2,EEG0,ESG1,EMG2,0.0007611880428157,0.0036380756646394,2.769259694782619e-06,Fp1,T11T12-L,L-RF,no,no
NIS008,2,Right Knee Flexion,4,9,2,EEG4,ESG9,EMG2,0.0008671999094076,0.0029582811985164,2.5654211873558397e-06,Fz,L2L3-C,L-RF,YES,no
NIS008,2,Right Knee Flexion,4,7,2,EEG4,ESG7,EMG2,0.0008403729298152,0.0028667661827057,2.409152696055585e-06,Fz,T12L1-C,L-RF,no,no
NIS008,2,Right Knee Flexion,9,1,2,EEG9,ESG1,EMG2,0.000643067236524,0.0036380756646394,2.3395272639251943e-06,C5,T11T12-L,L-RF,no,no
NIS008,2,Right Knee Flexion,20,2,2,EEG20,ESG2,EMG2,0.0006903969915583,0.0032086840365082,2.21526580566664e-06,Pz,T12L1-L,L-RF,no,no
NIS008,2,Right Knee Flexion,26,1,2,EEG26,ESG1,EMG2,0.0006083954358473,0.0036380756646394,2.2133886296339406e-06,Cz2,T11T12-L,L-RF,no,no
NIS008,2,Right Knee Flexion,25,1,2,EEG25,ESG1,EMG2,0.000599448219873,0.0036380756646394,2.180837980931454e-06,T7,T11T12-L,L-RF,no,no
NIS008,3,Right Plantar Flexion,20,2,1,EEG20,ESG2,EMG1,0.0013339072465896,0.005848316475749,7.801111727351318e-06,Pz,T12L1-L,R-MH,no,no
NIS008,3,Right Plantar Flexion,26,2,1,EEG26,ESG2,EMG1,0.0012772716581821,0.005848316475749,7.469888882553899e-06,Cz2,T12L1-L,R-MH,no,no
NIS008,3,Right Plantar Flexion,20,1,1,EEG20,ESG1,EMG1,0.0012653588782995,0.0055477768182754,7.019928651829516e-06,Pz,T11T12-L,R-MH,no,no
NIS008,3,Right Plantar Flexion,6,2,1,EEG6,ESG2,EMG1,0.0011866439599543,0.005848316475749,6.939869421849262e-06,FC3,T12L1-L,R-MH,no,no
NIS008,3,Right Plantar Flexion,9,2,1,EEG9,ESG2,EMG1,0.0011650552041828,0.005848316475749,6.813611545779773e-06,C5,T12L1-L,R-MH,no,no
NIS008,3,Right Plantar Flexion,26,1,1,EEG26,ESG1,EMG1,0.001211633789353,0.0055477768182754,6.721873848812218e-06,Cz2,T11T12-L,R-MH,no,no
NIS008,3,Right Plantar Flexion,23,2,1,EEG23,ESG2,EMG1,0.0011434351326897,0.005848316475749,6.687170525459868e-06,POz,T12L1-L,R-MH,no,no
NIS008,3,Right Plantar Flexion,10,2,1,EEG10,ESG2,EMG1,0.0011219513835385,0.005848316475749,6.561526761337871e-06,C3,T12L1-L,R-MH,no,no
NIS008,3,Right Plantar Flexion,25,2,1,EEG25,ESG2,EMG1,0.0011009876616299,0.005848316475749,6.438924281106616e-06,T7,T12L1-L,R-MH,no,no
NIS008,3,Right Plantar Flexion,6,1,1,EEG6,ESG1,EMG1,0.0011256634024903,0.0055477768182754,6.244929329516855e-06,FC3,T11T12-L,R-MH,no,no
NIS009,0,Left Knee Flexion,27,3,2,EEG27,ESG3,EMG2,0.0028930979315191,0.0062629031017422,1.8119192008955428e-05,T8,L1L2-L,L-RF,YES,YES
NIS009,0,Left Knee Flexion,27,1,2,EEG27,ESG1,EMG2,0.0028827111236751,0.006240417715162,1.798932156387681e-05,T8,T11T12-L,L-RF,no,YES
NIS009,0,Left Knee Flexion,27,2,2,EEG27,ESG2,EMG2,0.0027093403041362,0.0058651091530919,1.5890576616630486e-05,T8,T12L1-L,L-RF,YES,YES
NIS009,0,Left Knee Flexion,5,3,2,EEG5,ESG3,EMG2,0.0021328043658286,0.0062629031017422,1.3357547078157598e-05,F4,L1L2-L,L-RF,YES,YES
NIS009,0,Left Knee Flexion,24,3,2,EEG24,ESG3,EMG2,0.0021317910868674,0.0062629031017422,1.3351201010208685e-05,PO4,L1L2-L,L-RF,YES,YES
NIS009,0,Left Knee Flexion,5,1,2,EEG5,ESG1,EMG2,0.0021251470316201,0.006240417715162,1.3261805183446372e-05,F4,T11T12-L,L-RF,no,YES
NIS009,0,Left Knee Flexion,24,1,2,EEG24,ESG1,EMG2,0.0021241374779492,0.006240417715162,1.3255505146834189e-05,PO4,T11T12-L,L-RF,no,YES
NIS009,0,Left Knee Flexion,27,6,2,EEG27,ESG6,EMG2,0.0024426016025245,0.0052876807749271,1.291569753447512e-05,T8,T11T12-C,L-RF,no,YES
NIS009,0,Left Knee Flexion,27,0,2,EEG27,ESG0,EMG2,0.0024386765435338,0.0052791838534176,1.2874221832331976e-05,T8,T10T11-L,L-RF,no,YES
NIS009,0,Left Knee Flexion,5,2,2,EEG5,ESG2,EMG2,0.001997337443754,0.0058651091530919,1.171460212317523e-05,F4,T12L1-L,L-RF,YES,YES
NIS009,1,Left Plantar Flexion,16,3,1,EEG16,ESG3,EMG1,0.0021237772889435,0.0090224631130695,1.916170224986781e-05,CP3,L1L2-L,R-MH,YES,no
NIS009,1,Left Plantar Flexion,21,3,1,EEG21,ESG3,EMG1,0.0019171007443219,0.0090224631130695,1.7296970749682873e-05,P4,L1L2-L,R-MH,YES,no
NIS009,1,Left Plantar Flexion,10,3,1,EEG10,ESG3,EMG1,0.0017939956160262,0.0090224631130695,1.618625927060505e-05,C3,L1L2-L,R-MH,YES,no
NIS009,1,Left Plantar Flexion,20,3,1,EEG20,ESG3,EMG1,0.0017815150786191,0.0090224631130695,1.6073654082218204e-05,Pz,L1L2-L,R-MH,YES,no
NIS009,1,Left Plantar Flexion,24,3,1,EEG24,ESG3,EMG1,0.001629143836908,0.0090224631130695,1.4698890174387382e-05,PO4,L1L2-L,R-MH,YES,no
NIS009,1,Left Plantar Flexion,0,3,1,EEG0,ESG3,EMG1,0.0016140083316713,0.0090224631130695,1.456233063669172e-05,Fp1,L1L2-L,R-MH,YES,no
NIS009,1,Left Plantar Flexion,26,3,1,EEG26,ESG3,EMG1,0.0016037445748224,0.0090224631130695,1.446972626912126e-05,Cz2,L1L2-L,R-MH,YES,no
NIS009,1,Left Plantar Flexion,7,3,1,EEG7,ESG3,EMG1,0.0015886727487668,0.0090224631130695,1.4333741274487591e-05,FCz,L1L2-L,R-MH,YES,no
NIS009,1,Left Plantar Flexion,16,7,1,EEG16,ESG7,EMG1,0.0018126509385183,0.007700702175498,1.395868502566673e-05,CP3,T12L1-C,R-MH,no,no
NIS009,1,Left Plantar Flexion,17,3,1,EEG17,ESG3,EMG1,0.0015151064144447,0.0090224631130695,1.366999173670275e-05,CPz,L1L2-L,R-MH,YES,no
NIS009,3,Right Plantar Flexion,10,1,1,EEG10,ESG1,EMG1,0.0020184488967061,0.0069967661984264,1.4122615013724502e-05,C3,T11T12-L,R-MH,no,no
NIS009,3,Right Plantar Flexion,10,2,1,EEG10,ESG2,EMG1,0.0019728383049368,0.0068386611528694,1.349157267686472e-05,C3,T12L1-L,R-MH,no,no
NIS009,3,Right Plantar Flexion,10,7,1,EEG10,ESG7,EMG1,0.0019136208575218,0.0066333897411823,1.2693792964798244e-05,C3,T12L1-C,R-MH,no,no
NIS009,3,Right Plantar Flexion,16,5,1,EEG16,ESG5,EMG1,0.0015209339326247,0.0083346469327807,1.2676447336513086e-05,CP3,T10T11-C,R-MH,no,no
NIS009,3,Right Plantar Flexion,24,1,1,EEG24,ESG1,EMG1,0.0017941684927791,0.0069967661984264,1.255337746455885e-05,PO4,T11T12-L,R-MH,no,no
NIS009,3,Right Plantar Flexion,24,2,1,EEG24,ESG2,EMG1,0.0017536259256303,0.0068386611528694,1.19924534942729e-05,PO4,T12L1-L,R-MH,no,no
NIS009,3,Right Plantar Flexion,25,5,1,EEG25,ESG5,EMG1,0.0014131455682218,0.0083346469327807,1.1778069375752587e-05,T7,T10T11-C,R-MH,no,no
NIS009,3,Right Plantar Flexion,24,7,1,EEG24,ESG7,EMG1,0.0017009885050356,0.0066333897411823,1.128331969917247e-05,PO4,T12L1-C,R-MH,no,no
NIS009,3,Right Plantar Flexion,10,9,1,EEG10,ESG9,EMG1,0.0017623718595132,0.0061090993694961,1.0766504815769914e-05,C3,L2L3-C,R-MH,YES,no
NIS009,3,Right Plantar Flexion,23,1,1,EEG23,ESG1,EMG1,0.0015179028268903,0.0069967661984264,1.0620411191682403e-05,POz,T11T12-L,R-MH,no,no
NIS010,0,Left Knee Flexion,27,2,2,EEG27,ESG2,EMG2,0.0022625962737947,0.0059333452954888,1.3424764956710768e-05,T8,T12L1-L,L-RF,YES,YES
NIS010,0,Left Knee Flexion,27,0,2,EEG27,ESG0,EMG2,0.0022325112950056,0.005854451097548,1.3070128201334324e-05,T8,T10T11-L,L-RF,no,YES
NIS010,0,Left Knee Flexion,27,3,2,EEG27,ESG3,EMG2,0.0021152074914425,0.0055468389764428,1.1732715356797428e-05,T8,L1L2-L,L-RF,YES,YES
NIS010,0,Left Knee Flexion,11,14,2,EEG11,ESG14,EMG2,0.0016081810463219,0.0065228771418333,1.0489967386983264e-05,C1,L2L3-R,L-RF,no,YES
NIS010,0,Left Knee Flexion,27,6,2,EEG27,ESG6,EMG2,0.0019126121187582,0.0050155599601566,9.592820762154366e-06,T8,T11T12-C,L-RF,no,YES
NIS010,0,Left Knee Flexion,26,2,2,EEG26,ESG2,EMG2,0.0015511325327679,0.0059333452954888,9.203404915978404e-06,Cz2,T12L1-L,L-RF,YES,YES
NIS010,0,Left Knee Flexion,24,2,2,EEG24,ESG2,EMG2,0.0015168559039011,0.0059333452954888,9.00002984134641e-06,PO4,T12L1-L,L-RF,YES,YES
NIS010,0,Left Knee Flexion,15,14,2,EEG15,ESG14,EMG2,0.0013754268875345,0.0065228771418333,8.971740604962102e-06,C6,L2L3-R,L-RF,no,YES
NIS010,0,Left Knee Flexion,26,0,2,EEG26,ESG0,EMG2,0.0015305076958611,0.005854451097548,8.960282459840045e-06,Cz2,T10T11-L,L-RF,no,YES
NIS010,0,Left Knee Flexion,11,2,2,EEG11,ESG2,EMG2,0.0014628350036218,0.0059333452954888,8.679505186816251e-06,C1,T12L1-L,L-RF,YES,YES
NIS010,1,Left Plantar Flexion,20,3,1,EEG20,ESG3,EMG1,0.0021850795019418,0.009912165813148,2.1658870338158017e-05,Pz,L1L2-L,R-MH,YES,no
NIS010,1,Left Plantar Flexion,21,3,1,EEG21,ESG3,EMG1,0.0021198175381869,0.009912165813148,2.1011982932127868e-05,P4,L1L2-L,R-MH,YES,no
NIS010,1,Left Plantar Flexion,16,3,1,EEG16,ESG3,EMG1,0.0021127134095877,0.009912165813148,2.0941565631495e-05,CP3,L1L2-L,R-MH,YES,no
NIS010,1,Left Plantar Flexion,25,3,1,EEG25,ESG3,EMG1,0.0019995169714093,0.009912165813148,1.981954376681274e-05,T7,L1L2-L,R-MH,YES,no
NIS010,1,Left Plantar Flexion,22,3,1,EEG22,ESG3,EMG1,0.0018934855470433,0.009912165813148,1.8768542707093302e-05,PO3,L1L2-L,R-MH,YES,no
NIS010,1,Left Plantar Flexion,0,3,1,EEG0,ESG3,EMG1,0.0018296361668035,0.009912165813148,1.813565706308923e-05,Fp1,L1L2-L,R-MH,YES,no
NIS010,1,Left Plantar Flexion,26,3,1,EEG26,ESG3,EMG1,0.0018095501000061,0.009912165813148,1.7936560638459674e-05,Cz2,L1L2-L,R-MH,YES,no
NIS010,1,Left Plantar Flexion,1,3,1,EEG1,ESG3,EMG1,0.0017555385129526,0.009912165813148,1.7401188831753732e-05,Fpz,L1L2-L,R-MH,YES,no
NIS010,1,Left Plantar Flexion,18,3,1,EEG18,ESG3,EMG1,0.0016360689187422,0.009912165813148,1.6216986404310875e-05,CP4,L1L2-L,R-MH,YES,no
NIS010,1,Left Plantar Flexion,19,3,1,EEG19,ESG3,EMG1,0.0015249710995703,0.009912165813148,1.5115766399200405e-05,P3,L1L2-L,R-MH,YES,no
NIS010,2,Right Knee Flexion,27,1,2,EEG27,ESG1,EMG2,0.0012731489259749,0.003753759432584,4.779094789962774e-06,T8,T11T12-L,L-RF,no,no
NIS010,2,Right Knee Flexion,21,1,2,EEG21,ESG1,EMG2,0.0011483386624604,0.003753759432584,4.310587086011849e-06,P4,T11T12-L,L-RF,no,no
NIS010,2,Right Knee Flexion,20,1,2,EEG20,ESG1,EMG2,0.0010803139302879,0.003753759432584,4.055238605970364e-06,Pz,T11T12-L,L-RF,no,no
NIS010,2,Right Knee Flexion,23,1,2,EEG23,ESG1,EMG2,0.0010322139132767,0.003753759432584,3.874682713407248e-06,POz,T11T12-L,L-RF,no,no
NIS010,2,Right Knee Flexion,19,1,2,EEG19,ESG1,EMG2,0.0010099208448082,0.003753759432584,3.790999897362109e-06,P3,T11T12-L,L-RF,no,no
NIS010,2,Right Knee Flexion,24,1,2,EEG24,ESG1,EMG2,0.0010045146336778,0.003753759432584,3.7707062813371246e-06,PO4,T11T12-L,L-RF,no,no
NIS010,2,Right Knee Flexion,25,1,2,EEG25,ESG1,EMG2,0.0009833548683673,0.003753759432584,3.6912776127112496e-06,T7,T11T12-L,L-RF,no,no
NIS010,2,Right Knee Flexion,12,1,2,EEG12,ESG1,EMG2,0.0009805696317926,0.003753759432584,3.680822504646957e-06,Cz,T11T12-L,L-RF,no,no
NIS010,2,Right Knee Flexion,1,1,2,EEG1,ESG1,EMG2,0.000877846381627,0.003753759432584,3.2952241353922137e-06,Fpz,T11T12-L,L-RF,no,no
NIS010,2,Right Knee Flexion,22,1,2,EEG22,ESG1,EMG2,0.000860943517182,0.003753759432584,3.231774848544102e-06,PO3,T11T12-L,L-RF,no,no
NIS010,3,Right Plantar Flexion,23,1,1,EEG23,ESG1,EMG1,0.0016825781203806,0.0063479766249656,1.0680966577854972e-05,POz,T11T12-L,R-MH,no,no
NIS010,3,Right Plantar Flexion,4,1,1,EEG4,ESG1,EMG1,0.0015090161468833,0.0063479766249656,9.579199227111382e-06,Fz,T11T12-L,R-MH,no,no
NIS010,3,Right Plantar Flexion,25,1,1,EEG25,ESG1,EMG1,0.0014957695966586,0.0063479766249656,9.495110435923416e-06,T7,T11T12-L,R-MH,no,no
NIS010,3,Right Plantar Flexion,23,7,1,EEG23,ESG7,EMG1,0.001568294595927,0.0059168115258216,9.279303541064736e-06,POz,T12L1-C,R-MH,no,no
NIS010,3,Right Plantar Flexion,22,1,1,EEG22,ESG1,EMG1,0.0013737997505813,0.0063479766249656,8.720848704074288e-06,PO3,T11T12-L,R-MH,no,no
NIS010,3,Right Plantar Flexion,25,7,1,EEG25,ESG7,EMG1,0.0013941745273768,0.0059168115258216,8.249067912590585e-06,T7,T12L1-C,R-MH,no,no
NIS010,3,Right Plantar Flexion,20,1,1,EEG20,ESG1,EMG1,0.0012555711437016,0.0063479766249656,7.970336271199627e-06,Pz,T11T12-L,R-MH,no,no
NIS010,3,Right Plantar Flexion,5,1,1,EEG5,ESG1,EMG1,0.0012443023733794,0.0063479766249656,7.898802380602171e-06,F4,T11T12-L,R-MH,no,no
NIS010,3,Right Plantar Flexion,2,1,1,EEG2,ESG1,EMG1,0.0012162345228716,0.0063479766249656,7.720628321665653e-06,Fp2,T11T12-L,R-MH,no,no
NIS010,3,Right Plantar Flexion,22,7,1,EEG22,ESG7,EMG1,0.0012804889120161,0.0059168115258216,7.576411553304047e-06,PO3,T12L1-C,R-MH,no,no
